actual_TCP_force_0,actual_TCP_force_1,actual_TCP_force_2,actual_TCP_force_3,actual_TCP_force_4,actual_TCP_force_5
-14.806393,1.929823,-5.869816,0.224896,1.229801,0.140330
-14.365179,1.459771,-6.096873,0.233907,1.244056,0.115011
-14.791296,1.369190,-6.304454,0.218881,1.233217,0.088027
-14.345602,0.905615,-6.018844,0.217008,1.199548,0.069587
-14.709326,1.026522,-5.678778,0.211323,1.169026,0.058291
-15.017147,0.713505,-5.416687,0.210545,1.157920,0.058227
-14.081592,0.791260,-5.363476,0.200719,1.110292,0.038144
-13.845692,0.811924,-5.422087,0.207005,1.093420,0.015870
-13.443377,0.608972,-4.972999,0.216798,1.063270,-0.009720
-13.247329,1.007044,-4.827837,0.223170,1.038218,-0.052271
-12.904557,0.571750,-4.723094,0.192139,0.989469,-0.084745
-12.323058,-0.019774,-4.859870,0.176498,0.981070,-0.123663
-11.777335,0.386154,-4.409463,0.189175,0.933733,-0.156114
-10.336178,0.765725,-3.980270,0.195608,0.875975,-0.192733
-10.504908,0.575843,-4.704407,0.177620,0.871934,-0.218836
-9.029449,0.102937,-3.665805,0.149382,0.795605,-0.242919
-9.377563,-0.692601,-3.732978,0.117083,0.773508,-0.243405
-8.961823,-0.556020,-3.488834,0.100363,0.756050,-0.240430
-7.957929,-0.636512,-3.623281,0.088291,0.704649,-0.230171
-5.181589,-0.094077,-3.243514,0.108617,0.618791,-0.217334
-5.123263,0.512792,-2.932790,0.117623,0.573206,-0.202453
-4.144241,0.362671,-2.564488,0.105499,0.549670,-0.208453
-4.096599,-0.090064,-2.748466,0.083188,0.537494,-0.215765
-4.000764,-0.437063,-2.593405,0.061189,0.505686,-0.215150
-3.159471,-0.192256,-2.098612,0.062362,0.471756,-0.206489
-3.011266,0.135602,-2.095602,0.069550,0.449377,-0.201119
-2.522260,0.275059,-2.160488,0.086397,0.431396,-0.186307
-2.545225,0.719609,-2.332197,0.097865,0.445073,-0.182908
-2.942644,0.792111,-2.198914,0.095562,0.446965,-0.167075
-2.306308,0.597151,-2.506872,0.096462,0.447865,-0.169551
-2.152004,0.413918,-2.095115,0.093995,0.442498,-0.168450
-1.861764,0.338094,-1.857765,0.104839,0.406567,-0.144395
-0.973662,0.334678,-1.505257,0.107300,0.382986,-0.121786
-0.160512,0.662730,-1.434468,0.113270,0.337081,-0.092413
2.019762,0.474591,0.128864,0.097911,0.248732,-0.056929
0.760141,0.250471,-1.397974,0.086984,0.277188,-0.042118
2.063566,0.186058,-0.751957,0.063994,0.202910,-0.037565
1.630309,-0.101833,-0.571614,0.041470,0.200677,-0.035524
1.749431,-0.186319,-0.521223,0.034068,0.176385,-0.029532
1.646111,-0.891218,-0.372486,0.020936,0.196574,-0.030092
1.466221,-0.850819,-0.121283,0.019198,0.192182,-0.019266
0.672669,-0.273864,-0.471302,0.025842,0.229825,-0.012967
0.431205,-0.092464,-0.296600,0.025627,0.209136,-0.005665
-0.165480,0.127178,-0.191971,0.027978,0.242463,-0.007230
0.026416,-0.311260,-0.070767,0.027144,0.251454,-0.009618
-0.523967,-1.015491,-0.310358,0.028665,0.276409,-0.013467
-1.081649,-0.963600,-0.735291,0.026797,0.296888,-0.006601
-1.582554,-1.180294,-0.953205,0.027093,0.333164,-0.006033
-3.586011,-0.858392,-1.271451,0.016340,0.397923,0.005321
-4.864975,-0.725680,-1.281670,0.018441,0.444477,0.020691
-5.814524,-0.719551,-1.125918,0.015654,0.489917,0.033009
-6.352040,-0.991455,-1.107062,0.012044,0.498715,0.051149
-5.496813,-1.220343,-1.108554,0.017839,0.514505,0.057872
-6.293337,-0.404876,-0.914056,0.025753,0.499817,0.076685
-6.156891,-0.382077,-0.756570,0.037308,0.495150,0.085637
-6.813843,-0.284051,-0.619846,0.036625,0.506022,0.101899
-7.447015,-0.331401,-0.340616,0.044163,0.544197,0.119504
-8.605114,-0.326043,-0.257555,0.040518,0.569154,0.142554
-8.748861,-0.513793,-0.101362,0.040736,0.620187,0.155169
-8.809961,-0.380052,-0.175099,0.041036,0.615895,0.160536
-7.605372,0.039448,0.136061,0.049178,0.588169,0.158527
-6.225953,0.654151,0.381675,0.073066,0.524490,0.149522
-4.156646,0.567425,0.775692,0.096373,0.456578,0.123771
-4.503318,1.625374,0.877961,0.090897,0.453694,0.116811
-6.108540,1.407046,0.703419,0.083383,0.507979,0.129198
-9.010907,0.474554,0.235121,0.077052,0.587631,0.157928
-11.165514,0.120004,0.036705,0.050487,0.679471,0.175281
-11.533137,-0.440622,-0.297877,0.045527,0.694050,0.177970
-10.677603,-0.342274,-0.449931,0.053283,0.684309,0.166931
-9.775660,0.202981,-0.391346,0.053446,0.668576,0.160623
-9.103731,0.012004,0.524574,0.063673,0.648743,0.161552
-11.392858,-0.053829,-0.380282,0.056619,0.701195,0.159938
-11.260696,-0.762670,-0.701430,0.046122,0.696774,0.142747
-11.381590,-1.877329,-0.047727,0.016548,0.702498,0.111517
-11.282822,-2.289689,-0.328290,-0.003019,0.692516,0.085369
-10.469424,-2.053215,0.455098,-0.019595,0.654410,0.063155
-9.760326,-2.134513,0.342975,-0.014061,0.639526,0.049176
-9.229454,-1.922238,0.229019,-0.009086,0.596593,0.061608
-9.590148,-1.734937,0.636934,-0.020195,0.620276,0.072783
-11.629403,-1.560596,0.482964,-0.020383,0.667403,0.082137
-11.921844,-1.454794,0.333615,-0.017122,0.710220,0.083163
-12.944796,-0.959610,0.171127,0.008755,0.780686,0.095073
-13.918524,-0.555211,0.302674,0.037989,0.826178,0.132146
-14.905430,-0.171839,0.638334,0.052737,0.873651,0.172797
-16.737590,0.270272,1.346069,0.055270,0.947358,0.221286
-17.879485,-0.542512,1.569390,0.053938,1.046278,0.255634
-18.522061,-0.126144,2.222175,0.070902,1.091931,0.263216
-17.180208,-1.253228,3.734789,0.042363,1.036644,0.247311
-15.782272,-1.287974,4.595718,0.049036,0.957111,0.238853
-14.767554,-1.294029,5.553796,0.052001,0.910899,0.239199
-14.315073,-1.928937,5.530811,0.040418,0.929592,0.255976
-15.865470,-0.565944,5.490146,0.049298,0.985857,0.256070
-17.488193,-1.676741,5.495517,0.026426,1.071902,0.232359
-15.999539,-2.745635,6.032397,0.009831,1.008152,0.184022
-13.495475,-2.693834,7.953490,0.005650,0.839854,0.152283
-12.388196,-2.035338,9.067697,0.032834,0.716129,0.124726
-11.242607,-1.508334,9.550029,0.045936,0.560969,0.093022
-11.120843,-2.307499,10.535396,0.004211,0.459891,0.070834
-9.622001,-1.907368,10.463966,0.021374,0.345493,0.056711
-10.562879,-2.007206,11.933066,0.040736,0.361318,0.041143
-10.100498,-1.235840,12.567796,0.074456,0.258797,0.009009
-7.640465,-0.951393,12.704850,0.098897,0.112153,-0.023707
-8.622756,-1.221952,13.267869,0.104190,0.116286,-0.041513
-8.612946,-0.763948,12.360795,0.130166,0.046011,-0.079316
-8.801878,-0.503048,12.783576,0.133312,0.038630,-0.081825
-8.001297,-0.997549,13.229494,0.127620,0.075279,-0.107156
-6.683331,-0.744813,12.162950,0.148938,0.065445,-0.125271
-11.519497,-0.928834,11.154360,0.152240,0.296552,-0.144020
-10.159092,-0.603903,11.216802,0.162396,0.307699,-0.178979
-9.985595,-0.362770,10.293953,0.178627,0.369563,-0.210915
-8.883740,-0.370150,10.103581,0.191033,0.366059,-0.220046
-10.096900,-0.972050,8.758065,0.197328,0.506546,-0.230453
-11.288020,-0.230797,8.600289,0.204205,0.572880,-0.242755
-11.829578,-1.395505,8.048791,0.177600,0.650719,-0.238092
-10.783083,-1.158959,7.865806,0.179985,0.688583,-0.223906
-12.418615,-1.214904,6.928305,0.161316,0.834723,-0.223298
-12.829971,-1.405765,5.382430,0.165540,1.037452,-0.239755
-11.969354,-2.185518,6.502296,0.126560,1.077379,-0.271131
-11.300110,-2.391518,5.430047,0.123304,1.130842,-0.266247
-14.421225,-2.813107,4.410725,0.117457,1.329036,-0.245755
-12.376418,-2.704345,5.485710,0.093227,1.310696,-0.245408
-9.450764,-2.336493,4.522705,0.103309,1.168660,-0.248469
-9.747598,-2.989645,5.326587,0.076810,1.142304,-0.254688
-10.258331,-2.978823,4.927992,0.067201,1.157818,-0.273531
-9.027576,-3.249339,4.928953,0.036642,1.083509,-0.285829
-9.345555,-3.338135,6.304375,0.026907,1.029716,-0.312289
-7.800494,-2.959276,5.332626,0.039655,0.922016,-0.313027
-6.768432,-2.773010,6.912740,0.046388,0.783155,-0.317632
-5.843746,-2.740121,7.155494,0.063900,0.655868,-0.318362
-5.001191,-2.167910,7.193300,0.068531,0.556590,-0.318735
-4.503484,-1.970550,8.310406,0.068851,0.466400,-0.330220
-3.562509,-1.725345,8.454960,0.103211,0.371467,-0.338629
-3.434668,-1.791636,8.406957,0.099837,0.290470,-0.360426
-2.765591,-2.340490,9.217407,0.087458,0.186055,-0.384141
-1.627810,-2.016056,8.739769,0.106204,0.054112,-0.384457
-1.620934,-2.123679,9.276027,0.104409,-0.000923,-0.391046
-3.300567,-2.013065,9.033038,0.129986,0.061019,-0.392662
-3.145812,-1.879880,9.463074,0.137975,0.082183,-0.381245
-3.928279,-2.006635,9.134471,0.155126,0.099858,-0.389932
-3.458430,-2.172523,9.346922,0.178696,0.147992,-0.377502
-5.214500,-2.849206,8.275231,0.180049,0.263090,-0.361944
-5.147173,-3.368540,8.214476,0.183201,0.327522,-0.350481
-6.836216,-4.046727,8.061296,0.172818,0.437436,-0.338725
-7.017377,-3.831935,8.114616,0.179544,0.462853,-0.312343
-7.191584,-3.729955,7.563265,0.188976,0.490657,-0.305549
-8.283201,-3.811728,8.315290,0.193252,0.523142,-0.307544
-7.671795,-4.195775,8.399001,0.193498,0.501464,-0.327675
-9.337770,-4.788109,7.635583,0.196362,0.618406,-0.323553
-7.755394,-4.443808,9.015309,0.199976,0.616679,-0.332337
-8.881773,-4.792439,8.455648,0.185727,0.675611,-0.345057
-9.882466,-5.541721,8.995446,0.155339,0.724366,-0.370175
-8.813151,-5.431933,9.800131,0.153304,0.655167,-0.379759
-9.056567,-4.804072,10.001166,0.146117,0.608158,-0.368328
-8.698833,-5.518854,10.620680,0.143612,0.605291,-0.349278
-9.567264,-6.853389,10.326303,0.119769,0.590963,-0.334380
-7.361697,-4.917529,11.460907,0.161304,0.467540,-0.312458
-7.038978,-3.932734,10.752683,0.196769,0.421396,-0.275895
-9.664078,-6.924202,12.339727,0.132374,0.469050,-0.228210
-6.877984,-3.166514,10.224147,0.278649,0.379284,-0.201084
-8.753488,-3.547595,12.527948,0.267185,0.391713,-0.161515
-5.577402,-3.593164,12.567165,0.291557,0.239277,-0.117801
-5.051078,-1.294409,12.144176,0.381877,0.190379,-0.059476
-7.858806,-1.315613,12.765768,0.382750,0.287929,0.001717
-8.300371,-2.933120,12.511938,0.349950,0.280957,0.041640
-8.881681,-2.959452,12.825399,0.384976,0.353671,0.103180
-7.274979,-1.407660,12.633859,0.430512,0.277008,0.104664
-7.279027,-2.472660,12.720794,0.394828,0.286902,0.107530
-6.378754,-1.637448,12.330208,0.434479,0.281376,0.117724
-6.393771,-1.061805,12.251036,0.453591,0.267639,0.145080
-6.615484,0.058924,12.748399,0.486973,0.266529,0.164624
-6.791702,-0.423780,12.526435,0.492741,0.293038,0.170908
-7.391727,-2.435295,12.606943,0.446116,0.365410,0.166546
-7.074071,-0.298701,12.438530,0.503068,0.343008,0.193630
-7.221258,-0.219435,12.419597,0.534642,0.365976,0.221029
-7.509230,-0.452379,12.122138,0.515210,0.363672,0.248005
-7.699186,0.420754,12.719743,0.555253,0.374630,0.240067
-7.955423,0.621499,13.385798,0.530012,0.413975,0.163636
-7.320509,-0.870135,12.404664,0.472369,0.436875,0.111870
-7.085620,-2.162564,12.321003,0.393898,0.420327,0.124052
-6.749303,-1.824284,12.586036,0.432166,0.356632,0.139603
-5.033112,0.049388,12.520188,0.492455,0.321099,0.154893
-5.929925,0.222983,13.269109,0.482853,0.342249,0.132763
-4.918201,-0.877347,12.645966,0.434728,0.306808,0.129164
-4.618983,-1.563174,12.739665,0.429116,0.251953,0.154049
-3.034554,0.004057,12.450178,0.465626,0.167774,0.192043
-1.803165,1.121669,12.834809,0.521493,0.081371,0.200919
-3.409588,-1.790188,12.793928,0.438104,0.141220,0.202118
-2.801022,-1.024720,12.927746,0.452182,0.156007,0.145033
-3.456926,-0.591915,12.337516,0.415673,0.167442,0.131002
-2.950921,0.510047,12.440118,0.485747,0.134482,0.148617
-3.402905,-1.669600,12.305606,0.409285,0.150860,0.182878
-2.175611,0.209744,12.670341,0.449304,0.072798,0.150615
-1.767915,0.877029,12.504957,0.442393,0.051194,0.134249
-0.562616,0.186182,12.416769,0.444129,0.033008,0.087335
-2.901508,-1.350921,12.101234,0.381642,0.101522,0.065880
-2.491315,-1.444622,12.064484,0.390920,0.102727,0.059150
-0.922814,0.005621,11.077098,0.432761,0.094043,0.055916
-2.774896,-2.122731,10.771288,0.384774,0.104708,0.054974
-4.057899,-2.849322,11.895211,0.334802,0.170939,0.055109
-2.929022,-0.943432,11.025201,0.385809,0.109373,0.041898
-2.838120,-1.774398,11.158192,0.379521,0.111388,0.056360
-3.047854,-2.470660,11.245180,0.373826,0.100536,0.056365
-2.359068,-0.737216,11.292561,0.413912,0.039239,0.049306
-1.979160,-1.276012,10.742957,0.413091,0.049836,0.071559
-0.733036,-0.631437,10.715979,0.408516,-0.032051,0.060846
-1.208326,-2.468153,10.054042,0.341352,-0.046452,0.051990
-0.397394,-2.054337,9.948583,0.355305,-0.091153,0.036077
0.971373,-0.859110,10.032333,0.386946,-0.161862,0.038638
0.454651,-1.804397,9.807833,0.352688,-0.160525,0.052717
0.672478,-2.046710,9.925951,0.341295,-0.199576,0.044194
0.994030,-1.677968,10.227288,0.355638,-0.231651,0.040942
0.924273,-1.187229,9.708115,0.357475,-0.254492,0.071619
2.732824,-1.228789,9.442886,0.386406,-0.342050,0.088863
1.653701,-2.566100,9.207165,0.347509,-0.306543,0.107102
2.749111,-1.619070,9.405637,0.376637,-0.363601,0.113070
4.108548,-0.475075,8.664332,0.405913,-0.434828,0.156484
3.970873,-1.858659,8.229983,0.361222,-0.461356,0.212451
3.809135,-1.895874,8.657185,0.368166,-0.491938,0.215084
5.569550,-1.004096,8.549858,0.383355,-0.546881,0.227130
6.032501,-0.579327,8.301468,0.396233,-0.599763,0.246020
6.562561,-0.939862,7.898319,0.375492,-0.644615,0.245386
6.330417,-1.874885,7.748988,0.334575,-0.612975,0.236914
6.533119,-0.610070,7.239632,0.331847,-0.605428,0.234460
6.819956,-1.693016,6.929121,0.312751,-0.609991,0.241708
6.590006,-2.635212,6.956788,0.277208,-0.597354,0.245511
6.807692,-2.134882,6.709043,0.275839,-0.619835,0.217357
6.525226,-1.947161,6.161398,0.286318,-0.584118,0.186114
6.491928,-2.149497,5.934441,0.292210,-0.547813,0.194596
6.872095,-2.332195,5.912190,0.272643,-0.565544,0.189698
6.816605,-2.145705,5.748924,0.272379,-0.520222,0.169316
5.375355,-2.688239,5.660253,0.241546,-0.479339,0.167124
4.887283,-3.666251,5.360375,0.240016,-0.455081,0.150481
5.553104,-2.135644,5.538332,0.252377,-0.477084,0.151661
5.582335,-1.979717,5.297151,0.268608,-0.498009,0.161428
6.017736,-2.343492,5.173900,0.279637,-0.508624,0.158562
4.846588,-2.577764,5.152965,0.244083,-0.456316,0.163677
5.130129,-3.318713,5.105874,0.210247,-0.466740,0.131470
4.146630,-3.695282,4.870626,0.198533,-0.416092,0.094343
3.908001,-3.358185,4.853999,0.183193,-0.430268,0.089807
4.026381,-4.170920,4.579360,0.164499,-0.405245,0.090446
4.390161,-4.355490,4.340071,0.150155,-0.420967,0.075603
4.796247,-4.745775,4.388522,0.126343,-0.468985,0.074504
4.428420,-5.229976,4.194113,0.109094,-0.455815,0.059289
4.011137,-4.946387,4.245605,0.096252,-0.446694,0.050379
4.123229,-4.967404,3.966574,0.103791,-0.439317,0.057719
4.154590,-4.642090,3.849622,0.094161,-0.453589,0.065598
3.928984,-5.648107,3.536981,0.059320,-0.463332,0.088335
5.015623,-5.364360,3.239923,0.081306,-0.528685,0.080931
4.601672,-5.780748,3.321047,0.015962,-0.532977,0.102616
4.156168,-7.185886,3.469816,-0.017466,-0.524378,0.094284
5.032201,-6.337556,3.010213,0.006091,-0.541850,0.096401
5.148596,-5.820583,2.976966,-0.005847,-0.566234,0.134328
3.731232,-6.967199,2.667456,-0.039438,-0.493722,0.153678
4.591158,-6.022842,2.543256,-0.005797,-0.548659,0.159678
4.399224,-6.685234,1.794065,-0.030197,-0.540598,0.193134
3.940395,-6.711827,1.494117,-0.040525,-0.518949,0.202598
4.256611,-6.229145,1.147323,-0.038237,-0.513386,0.201595
5.238765,-7.079477,1.537560,-0.070882,-0.565588,0.223910
5.891791,-6.473355,1.555629,-0.089291,-0.592393,0.264628
7.154626,-6.586880,1.558440,-0.100255,-0.672323,0.316369
7.980071,-6.503402,1.202875,-0.079324,-0.741381,0.348793
8.703955,-5.265072,1.897187,-0.076159,-0.809412,0.393353
9.694100,-4.999537,2.329387,-0.069756,-0.860350,0.425255
11.240755,-5.049286,1.620733,-0.099408,-0.946388,0.443825
11.599907,-4.495862,1.395703,-0.059248,-1.012863,0.466638
9.947484,-4.717048,2.184580,-0.050311,-0.979049,0.502421
13.000316,-6.563293,2.539278,-0.139229,-1.105907,0.521265
9.963244,-2.816373,1.146083,-0.015788,-1.061617,0.539318
12.320614,-5.054355,2.546553,-0.056549,-1.155146,0.547158
10.582277,-2.193597,0.630443,0.025377,-1.139766,0.552308
13.389933,-4.598047,3.334655,-0.025602,-1.220917,0.557623
11.481776,-1.623499,0.810104,0.090420,-1.199341,0.586796
10.906601,-3.445024,1.188150,0.065347,-1.207092,0.621673
10.814873,-2.296648,1.461388,0.091941,-1.210935,0.607467
11.899644,-1.363034,1.170787,0.158619,-1.222291,0.603608
10.947353,-0.949900,1.550562,0.185263,-1.213209,0.617829
10.448094,0.435272,1.535321,0.188202,-1.209788,0.649021
11.878198,-0.766957,2.032957,0.165925,-1.255984,0.716890
12.182951,1.912681,2.281796,0.262706,-1.282469,0.793031
12.983046,1.547314,1.640646,0.290535,-1.345300,0.842616
11.863219,2.894017,2.181164,0.382004,-1.327722,0.857398
14.155090,2.764666,2.878755,0.366675,-1.432030,0.875122
16.431240,3.162145,2.558463,0.346877,-1.553475,0.947911
14.764997,3.849141,3.395555,0.432663,-1.525543,1.026738
13.348022,5.557381,3.137961,0.473448,-1.507601,1.113737
11.759139,3.714886,3.324525,0.440046,-1.489707,1.166570
11.710905,5.057787,2.870664,0.470217,-1.465683,1.201618
10.281344,5.680485,2.625150,0.511711,-1.394137,1.224815
9.719611,3.772562,2.286802,0.478178,-1.318285,1.216702
10.137944,2.427718,2.112784,0.411812,-1.308983,1.135591
8.571021,1.722679,2.740587,0.339295,-1.180400,1.028943
7.334784,1.391041,1.825901,0.304686,-1.064056,0.922200
7.667695,-1.322410,2.712241,0.144042,-1.018875,0.875834
5.179842,-0.652124,1.625442,0.127954,-0.878288,0.892374
8.645056,-0.008422,1.397422,0.147163,-0.943287,0.860570
4.450965,1.309842,0.392675,0.198620,-0.695411,0.845982
3.030698,-1.702319,0.615846,0.040598,-0.614071,0.838177
4.097915,-1.232831,0.666721,0.002412,-0.571108,0.785876
7.992914,-0.462173,1.003665,0.008043,-0.678768,0.749139
5.185583,-2.452378,0.250855,-0.099711,-0.556869,0.784176
5.689646,-1.205958,0.185581,-0.124130,-0.522781,0.785224
5.809062,-1.742312,0.367265,-0.194048,-0.449884,0.787435
5.943525,-4.095662,-0.462355,-0.350367,-0.442786,0.756160
4.954032,-3.347653,0.011827,-0.361802,-0.366226,0.760679
7.431231,-1.061999,-0.046379,-0.309886,-0.416046,0.715570
7.732330,-1.698545,0.245238,-0.348622,-0.426088,0.700972
4.819379,-5.771726,-0.433317,-0.549539,-0.336156,0.718699
3.581150,-5.117295,-1.731925,-0.607167,-0.297288,0.711467
6.659828,-5.996130,0.125225,-0.713475,-0.401615,0.708431
3.283315,-3.966506,-1.185317,-0.643920,-0.279160,0.750934
6.227540,-3.031177,-0.554741,-0.656146,-0.375531,0.723716
5.404439,-3.678859,0.231844,-0.670650,-0.358664,0.751387
4.775161,-5.092756,-1.500657,-0.755254,-0.355292,0.770302
3.613268,-7.344211,-1.454761,-0.891577,-0.328416,0.769234
4.013952,-8.023885,-1.367338,-0.990413,-0.411198,0.776647
7.116427,-7.129370,-1.077615,-0.993719,-0.560652,0.720031
4.958003,-9.686721,-0.365265,-1.088804,-0.578202,0.711656
4.823683,-10.697807,-0.856898,-1.166200,-0.604074,0.671795
3.037079,-11.534829,-1.909060,-1.229401,-0.576255,0.641183
4.104508,-11.516403,-1.992521,-1.272759,-0.659041,0.579745
4.587243,-12.275270,-1.921028,-1.286959,-0.709455,0.554315
5.070268,-12.272306,-3.325231,-1.302416,-0.769430,0.525537
5.568180,-13.294724,-1.971280,-1.337440,-0.789713,0.504305
5.835433,-13.144409,-3.957120,-1.388709,-0.838226,0.506022
5.429672,-14.308520,-2.470559,-1.406884,-0.819685,0.503136
5.386115,-15.364570,-4.594628,-1.472614,-0.851253,0.485297
3.992675,-16.020195,-4.800611,-1.520670,-0.797375,0.457076
5.509951,-16.501989,-2.871475,-1.523674,-0.853269,0.420141
6.795562,-16.934279,-4.790866,-1.623891,-0.939819,0.425556
6.351237,-16.978889,-3.370252,-1.578568,-0.953949,0.421084
9.404949,-14.350794,-2.728525,-1.439703,-1.102316,0.412028
7.891044,-13.208907,-3.001854,-1.338082,-1.121559,0.444212
6.294884,-11.797853,-3.154142,-1.198644,-1.106531,0.466354
6.476676,-11.735770,-2.206116,-1.119881,-1.159238,0.467552
6.213211,-9.516292,-1.191126,-0.942936,-1.130907,0.483313
7.591280,-8.070024,-0.468152,-0.821345,-1.192695,0.479920
5.217333,-6.312715,1.474990,-0.597686,-1.086076,0.497201
4.862754,-7.316138,1.617721,-0.650773,-1.063844,0.521568
6.437459,-5.093738,2.216846,-0.473149,-1.118454,0.524122
5.449581,-3.361337,2.573001,-0.313069,-1.039578,0.509102
7.200673,-3.131175,2.650715,-0.254408,-1.055470,0.492771
8.145873,-2.307174,2.944482,-0.204149,-1.055310,0.440103
6.192170,-2.035758,3.110492,-0.170042,-0.938411,0.432734
5.662743,-2.517080,2.184508,-0.152084,-0.905801,0.422439
5.291350,-3.159845,2.364566,-0.152355,-0.849146,0.415975
4.129263,-3.144167,1.852867,-0.150008,-0.758152,0.375103
4.630981,-1.541728,2.226537,-0.094304,-0.700503,0.337467
3.502567,-1.925711,1.370511,-0.085195,-0.629917,0.301072
1.521527,-2.496597,1.662291,-0.105962,-0.517376,0.272790
2.862052,-1.424133,1.982639,-0.054782,-0.494677,0.265796
3.753753,-0.279229,1.953250,-0.030805,-0.471997,0.277554
3.887360,-2.286072,1.683611,-0.111013,-0.448767,0.274582
0.369536,-1.394896,1.224576,-0.090442,-0.254773,0.291997
-1.108090,-0.965995,1.034422,-0.094347,-0.144802,0.310108
-0.101530,-4.206724,3.492617,-0.248043,-0.160395,0.312966
-3.222086,-4.256043,5.597397,-0.356497,-0.027171,0.341853
-2.375036,-4.065509,5.573656,-0.353481,-0.071951,0.356919
-0.286392,-3.288777,4.232990,-0.326241,-0.151747,0.368135
0.320035,-3.600457,3.725893,-0.338672,-0.209897,0.369309
-1.227918,-1.637248,2.756793,-0.247848,-0.114370,0.401557
-2.237289,-1.610586,2.842528,-0.245615,-0.055148,0.439198
-4.083597,-0.972417,2.139231,-0.213293,0.049015,0.487948
-4.714432,-1.279733,2.986158,-0.225323,0.113571,0.519608
-5.970832,-1.896768,3.254634,-0.233940,0.193890,0.537270
-6.246926,-2.361641,3.931085,-0.276866,0.214316,0.529777
-6.021632,-2.430538,5.019819,-0.268143,0.212523,0.512743
-4.469034,-3.148632,6.040464,-0.297516,0.117430,0.467318
-3.270192,-3.520091,7.496912,-0.343381,0.021527,0.410989
-3.266985,-4.104193,8.736328,-0.376299,-0.023740,0.369439
-4.039465,-3.898659,8.966048,-0.332923,0.019291,0.348884
-3.864834,-3.545675,10.237995,-0.308121,0.005084,0.332626
-4.257118,-2.915234,10.619948,-0.252148,0.019028,0.314644
-4.942243,-3.460489,11.856955,-0.242455,0.048096,0.299443
-6.332233,-3.917008,13.436396,-0.277080,0.154479,0.291715
-8.462216,-3.648259,13.968817,-0.288208,0.302551,0.287814
-8.398974,-4.555042,13.723228,-0.296195,0.334668,0.272228
-7.930706,-4.791950,13.141485,-0.271851,0.336332,0.255064
-9.087289,-3.412171,13.218750,-0.228613,0.402030,0.245093
-10.312838,-4.599229,13.834957,-0.243800,0.514535,0.216543
-10.341807,-4.837306,13.402492,-0.254372,0.585202,0.213955
-11.249981,-4.047327,13.047348,-0.249277,0.667539,0.188496
-9.908365,-4.155747,13.974233,-0.191701,0.619812,0.162763
-9.068025,-2.949037,12.355191,-0.144601,0.583614,0.151164
-10.394929,-3.055435,13.159154,-0.126249,0.695840,0.151921
-12.346076,-3.362741,12.417470,-0.170918,0.804118,0.129386
-11.082889,-4.910518,12.043115,-0.249731,0.805798,0.108717
-9.038714,-5.391481,11.735554,-0.315450,0.647359,0.089384
-7.507955,-6.080642,10.233508,-0.398000,0.530128,0.073193
-8.681337,-7.451614,9.352211,-0.489754,0.611777,0.049351
-9.796412,-6.450779,9.389031,-0.529025,0.715349,0.045589
-10.375389,-6.839743,8.201564,-0.478473,0.769487,0.056947
-9.430460,-5.671237,8.671267,-0.421215,0.745089,0.070807
-9.316596,-5.408079,8.235456,-0.390787,0.709079,0.088418
-10.707305,-5.211061,7.696040,-0.350754,0.794710,0.089869
-11.011620,-3.701392,6.948488,-0.245870,0.850493,0.091753
-9.827785,-2.474845,6.402216,-0.150184,0.761947,0.092034
-8.177814,-2.454321,5.285389,-0.087391,0.690446,0.080542
-9.183746,-3.693674,4.844899,-0.177977,0.721816,0.048906
-11.053481,-5.362884,3.656563,-0.251785,0.854609,0.012652
-10.907618,-5.153079,3.191758,-0.258810,0.875277,-0.014378
-10.386199,-4.767395,2.814644,-0.245989,0.825955,-0.018462
-8.925454,-4.595227,3.674336,-0.228091,0.708312,-0.027328
-8.603645,-4.522556,4.393839,-0.250338,0.667005,-0.051694
-9.443224,-3.327394,4.414239,-0.200332,0.721143,-0.054950
-8.592259,-1.922776,5.645935,-0.062828,0.724878,-0.045587
-8.390247,-0.553927,4.892793,0.024110,0.714870,-0.029955
-6.406557,-1.101000,5.756154,0.027481,0.572406,-0.034395
-6.176123,-2.395081,6.349565,-0.070744,0.522305,-0.050622
-6.729574,-3.111896,5.332090,-0.176315,0.531838,-0.074199
-5.452326,-4.058895,5.565964,-0.203235,0.482285,-0.076631
-4.549997,-3.030656,3.813489,-0.180750,0.423244,-0.068912
-3.004914,-3.461416,4.520727,-0.211224,0.325287,-0.066646
-4.100608,-3.165221,3.686651,-0.240869,0.343508,-0.073472
-4.478129,-4.602505,4.838746,-0.317594,0.356683,-0.111310
-5.540977,-4.379833,3.276379,-0.293544,0.386989,-0.114923
-4.032172,-4.315986,5.528683,-0.272660,0.316365,-0.114479
-4.567182,-2.901366,3.975117,-0.219854,0.347558,-0.105499
-6.022881,-2.991340,5.600630,-0.198992,0.411796,-0.094671
-6.895694,-3.447874,5.638183,-0.175464,0.511416,-0.095933
-7.731036,-0.753712,3.618219,-0.084758,0.537965,-0.057812
-5.285305,-0.403860,6.117716,-0.027919,0.427792,-0.047429
-5.414257,0.304187,5.432193,0.006677,0.407042,-0.033179
-6.992662,-0.168947,5.527595,0.029226,0.511695,-0.029600
-7.774677,-0.410902,6.285923,0.030653,0.567502,-0.036828
-8.645842,-0.222197,5.533216,0.053942,0.644954,-0.035423
-7.667590,-0.455087,4.983280,0.048145,0.611355,-0.035649
-6.954224,-0.542272,5.295122,0.007264,0.557967,-0.048821
-7.150946,-0.979972,5.168878,0.002140,0.560904,-0.050386
-7.639286,-0.918566,4.905962,-0.017471,0.583676,-0.054747
-7.563472,-0.778651,4.840011,-0.000094,0.577504,-0.055014
-7.040574,-1.067804,6.104888,-0.018851,0.517541,-0.051510
-7.026844,-0.985017,5.268248,-0.005282,0.526858,-0.052269
-8.213250,-0.201547,5.612150,0.046180,0.625448,-0.045034
-9.180663,0.453697,5.960409,0.104361,0.717174,-0.035371
-9.712076,1.168992,5.868783,0.134884,0.728929,-0.019442
-9.035700,0.825682,6.844350,0.169311,0.705648,-0.018955
-9.814844,2.243422,5.991735,0.223422,0.744766,0.004369
-11.648121,2.538110,6.419275,0.288417,0.881747,0.017295
-11.913576,1.951553,6.185642,0.323149,0.952297,0.016385
-11.250201,1.825158,5.985531,0.308823,0.921862,0.009689
-10.888280,2.259764,6.535414,0.298368,0.882367,0.012165
-10.970755,2.875561,6.046969,0.381524,0.903548,0.035971
-11.577498,3.262922,6.552079,0.463339,0.954196,0.048292
-11.738600,2.953343,6.868119,0.443216,0.974146,0.049238
-12.143044,2.782902,7.202741,0.406232,0.987494,0.029027
-12.559836,1.313607,8.049799,0.327148,0.964519,0.007096
-12.337775,1.535391,7.647461,0.318712,0.945207,0.010577
-11.524063,2.476735,6.880235,0.414403,0.945762,0.035464
-12.192233,2.833312,8.130875,0.406897,0.941572,0.038757
-12.394540,1.445322,8.992247,0.306473,0.954367,0.009405
-13.208109,0.827258,7.534338,0.296407,1.011040,-0.003113
-13.092164,1.297173,9.737626,0.310111,1.005845,0.000296
-13.527161,3.012356,7.331764,0.391905,1.023432,0.026790
-14.267546,3.089850,9.792829,0.423412,1.088205,0.034747
-14.261812,3.723053,8.597684,0.459774,1.091533,0.041824
-15.338712,3.882637,8.640476,0.503449,1.196171,0.045301
-15.874765,4.000860,8.332364,0.524994,1.251958,0.043316
-17.353974,5.638159,6.221301,0.649979,1.439168,0.080428
-18.646878,6.470991,8.369340,0.866872,1.631290,0.116900
-17.577898,7.960426,9.294432,0.926290,1.565971,0.148273
-16.637227,6.135398,12.509461,0.819258,1.420949,0.128602
-18.870062,6.801911,10.663352,0.819749,1.570482,0.125979
-20.162364,8.055118,11.177600,0.956952,1.689322,0.160962
-19.779672,8.415872,12.404910,0.978237,1.669796,0.172823
-16.359492,4.045019,12.563444,0.651580,1.420891,0.086031
-16.891246,2.842042,9.913805,0.530012,1.396063,0.032988
-11.695266,-2.529734,9.329186,0.131189,1.022553,-0.085250
-8.714710,-3.938873,5.848000,-0.107841,0.737730,-0.133869
-5.787360,-4.027233,4.061556,-0.177803,0.492724,-0.149208
-2.604996,-4.413649,2.549732,-0.255105,0.238473,-0.140760
-2.366966,-3.146851,1.382869,-0.224351,0.188902,-0.132222
-1.970850,-0.405269,-0.178308,0.071649,0.264061,-0.038778
-1.232828,-0.325540,0.290679,0.090730,0.236271,-0.035573
-2.901374,0.679181,-0.324822,0.144326,0.294831,-0.019013
-2.694226,0.098112,-0.458689,0.116734,0.285878,-0.022253
-1.015693,-0.266532,0.194923,0.092377,0.229911,-0.024864
-0.987172,-0.873952,1.055100,0.069753,0.180261,-0.023375
-3.014700,-0.019923,-0.747294,0.154357,0.284275,-0.013155
-1.688171,-0.875822,0.229219,0.105140,0.222516,-0.020511
-2.122660,0.065095,-0.419500,0.118985,0.259853,-0.015141
-0.567635,-1.249859,0.406593,0.091788,0.195837,-0.029553
-3.077121,-0.260852,0.000615,0.139725,0.280003,-0.015691
-3.804509,1.348550,-1.570154,0.186161,0.326121,-0.004929
-1.463579,-0.739932,0.953299,0.094040,0.221387,-0.025194
-0.648151,-0.725757,-0.585727,0.086723,0.188582,-0.023264
-1.774153,-0.275552,0.823959,0.102281,0.218899,-0.020235
-5.301519,2.031160,-1.783799,0.206044,0.370584,0.001624
-3.331505,-1.634667,-0.752705,0.090989,0.295129,-0.019888
-1.815860,-0.402045,-5.926488,0.146586,0.312313,-0.009918
-0.086112,-0.728695,-1.968361,0.087851,0.209225,-0.018111
-0.981655,-1.195000,0.512619,0.079996,0.198337,-0.027414
-1.058049,-0.743411,-0.235073,0.081027,0.209052,-0.021986
-0.834612,-0.809355,-1.816695,0.102950,0.222431,-0.016902
-0.985741,-1.245555,-1.077394,0.102664,0.209364,-0.019957
-1.530897,-1.264837,-0.378203,0.075396,0.216038,-0.026263
-0.715489,-0.758504,-0.886307,0.103485,0.203108,-0.021200
-0.506535,-0.837087,-1.539934,0.102553,0.204879,-0.018960
-1.416771,-1.865219,-0.950652,0.084418,0.217957,-0.027573
-1.321902,-0.601486,-0.706679,0.111030,0.209836,-0.022891
-0.803884,-1.116483,-0.839094,0.104554,0.195999,-0.024635
-1.279553,-1.711814,-1.845176,0.089736,0.211565,-0.024529
-0.830066,-1.144565,-1.433230,0.099990,0.205407,-0.019889
-0.929208,-1.260847,-0.758486,0.110950,0.193697,-0.019101
-1.368118,-1.105414,-1.191193,0.093986,0.217241,-0.025449
-1.045509,-1.486303,-1.295745,0.094034,0.221341,-0.021907
-0.813732,-1.095494,-1.286040,0.102006,0.200132,-0.021827
-0.884921,-1.364895,-0.908608,0.109274,0.213711,-0.024288
-0.980544,-1.573016,-0.802758,0.096264,0.203504,-0.019803
-0.947941,-1.171073,-1.283662,0.097856,0.212385,-0.026142
-0.940618,-1.268454,-1.022219,0.097700,0.203299,-0.024624
-1.199359,-1.216299,-1.271350,0.103880,0.216257,-0.025700
-1.084071,-1.709680,-1.081289,0.104366,0.205460,-0.021919
-0.898406,-1.428609,-1.219882,0.091312,0.208860,-0.026252
-1.144955,-1.319609,-1.231041,0.103532,0.208584,-0.019507
-1.004167,-1.213604,-1.050251,0.106796,0.206732,-0.017017
-1.191516,-1.292504,-1.186454,0.091220,0.209225,-0.018991
-0.980956,-1.290143,-1.256339,0.094593,0.206881,-0.019744
-0.671473,-1.528738,-1.144780,0.107949,0.210041,-0.022308
-0.932872,-1.190806,-1.022490,0.095478,0.206707,-0.022304
-1.145012,-1.265863,-1.298095,0.107116,0.206181,-0.024498
-1.058042,-1.505438,-1.415612,0.103321,0.202213,-0.022750
-2.685104,0.207621,3.251983,0.153434,0.206524,-0.014498
-2.212796,0.171717,7.309768,0.155830,0.153478,-0.010631
-4.337309,-0.556128,5.569862,0.085141,0.254278,-0.026148
-5.130122,-1.864520,2.684167,0.034738,0.352858,-0.042926
-4.983448,-1.917957,1.334335,0.045438,0.420425,-0.043264
-5.929929,-0.748672,2.021223,0.122487,0.520900,-0.033807
-7.435118,0.724491,2.441642,0.235317,0.609896,-0.004029
-7.205676,1.323796,3.517209,0.303150,0.620638,0.008190
-6.939283,1.397434,5.027736,0.278741,0.582321,0.007525
-7.337023,-0.714111,5.752011,0.212862,0.553387,-0.017414
-7.860952,-0.905438,5.643488,0.131899,0.585226,-0.031634
-8.475585,-0.968067,5.190162,0.106904,0.637143,-0.039945
-8.979744,-1.398691,4.669421,0.106904,0.697315,-0.046419
-8.746920,-1.026534,3.902416,0.135512,0.727648,-0.041821
-7.752099,-0.239460,3.361657,0.161382,0.658015,-0.034869
-5.840051,-0.275398,2.630674,0.172038,0.574264,-0.020267
-4.430437,-0.750473,1.749565,0.157282,0.466374,-0.027113
-2.951617,-0.854509,0.906425,0.124876,0.352387,-0.029409
-1.951039,-1.293537,-0.075466,0.111930,0.288786,-0.035334
-1.023741,-1.573141,-0.601991,0.086273,0.228833,-0.030206
-0.899094,-0.749198,-1.008904,0.091425,0.225777,-0.030563
-0.682036,-0.948913,-0.970241,0.105390,0.229733,-0.030715
-1.079628,-0.772145,-0.943941,0.089128,0.214003,-0.029589
-1.073213,-1.398275,-1.095886,0.105982,0.221455,-0.024336
-1.026252,-0.903238,-1.114313,0.103671,0.216168,-0.031050
-1.018383,-1.290030,-0.968558,0.101308,0.207947,-0.025059
-1.083038,-1.286443,-1.004391,0.098684,0.219902,-0.028364
-0.899228,-1.637473,-0.935555,0.111085,0.216694,-0.030023
-0.982827,-0.716467,-0.985495,0.101075,0.214225,-0.027633
-1.035096,-1.174417,-0.955075,0.097894,0.215391,-0.023062
-0.735067,-1.754629,-0.973052,0.107248,0.219545,-0.027092
-0.922606,-1.440769,-1.178266,0.107260,0.216445,-0.026430
-1.007103,-1.367124,-1.124114,0.103685,0.213729,-0.026628
-0.980180,-1.349667,-0.951184,0.107650,0.218588,-0.021622
-1.176062,-1.171325,-0.977151,0.101252,0.209766,-0.024927
-0.796404,-1.549243,-1.075398,0.103290,0.211184,-0.028247
-1.053851,-1.263149,-1.037202,0.106596,0.213888,-0.025049
-0.857845,-1.113383,-0.972825,0.096530,0.206695,-0.025489
-1.149140,-0.880243,-1.078336,0.097609,0.208479,-0.029452
-1.024556,-1.139892,-1.056522,0.103634,0.217239,-0.024252
-0.665778,-1.354540,-0.862441,0.098172,0.213261,-0.027882
-0.864767,-0.804951,-1.035697,0.095453,0.213849,-0.027044
-0.773361,-1.368692,-1.011865,0.105660,0.216295,-0.028878
-1.002944,-1.004131,-1.041053,0.098809,0.209439,-0.029356
-1.122056,-1.447964,-1.026383,0.111834,0.216152,-0.024135
-0.758719,-1.391549,-1.086426,0.095453,0.208262,-0.028911
-1.230270,-0.781295,-0.979083,0.091941,0.209937,-0.027059
-0.743285,-1.248271,-0.847046,0.107986,0.214712,-0.027446
-1.137093,-1.197592,-1.077979,0.096523,0.206577,-0.023655
-1.296374,-1.388534,-1.273491,0.110351,0.209159,-0.024727
-0.890303,-1.539975,-1.111750,0.105532,0.205876,-0.026775
-1.050524,-1.345673,-1.180745,0.106476,0.212299,-0.022634
-0.862151,-1.760911,-1.193889,0.115799,0.210588,-0.028634
-0.930822,-1.426389,-0.988039,0.100676,0.208551,-0.031282
-1.033525,-0.911688,-1.089455,0.102395,0.215609,-0.027147
-1.074479,-1.534192,-0.917465,0.106019,0.205678,-0.028418
-1.041425,-1.066203,-0.949906,0.098182,0.208654,-0.025209
-1.126982,-1.121327,-0.990526,0.102135,0.209936,-0.027714
-1.111923,-1.028010,-1.039222,0.094957,0.204418,-0.025023
-1.077512,-0.666443,-0.803117,0.088794,0.206192,-0.026483
-1.144488,-0.786121,-0.999795,0.090471,0.208112,-0.022927
-1.123612,-0.938733,-1.106111,0.096414,0.203781,-0.028463
-0.906646,-1.186873,-1.084159,0.107203,0.214785,-0.026721
-1.039206,-1.369203,-1.076694,0.101871,0.205768,-0.026795
-1.080517,-1.142359,-1.059396,0.098490,0.205397,-0.023304
-0.824293,-0.969979,-1.048600,0.099133,0.214475,-0.028327
-1.010856,-1.428644,-0.961387,0.103669,0.206738,-0.026018
-1.215433,-1.098535,-1.097053,0.104065,0.207136,-0.021993
-0.986718,-1.263288,-0.907736,0.099612,0.208558,-0.030251
-0.844362,-1.026567,-1.069319,0.097284,0.215950,-0.023418
-1.115043,-1.177128,-1.029904,0.101092,0.206338,-0.026431
-1.127275,-0.966659,-0.896866,0.092848,0.206832,-0.025717
-1.232126,-1.095742,-1.067355,0.102825,0.205714,-0.024332
-1.068186,-1.034768,-0.995468,0.095192,0.204587,-0.026361
-1.137801,-1.168744,-0.980310,0.102376,0.210082,-0.028206
-0.994191,-0.829541,-0.918482,0.095967,0.212730,-0.028217
-0.946675,-1.134111,-1.010914,0.099121,0.208627,-0.024618
-1.138017,-1.335567,-1.156811,0.109336,0.208918,-0.031379
-0.746234,-1.477347,-0.872657,0.107359,0.212162,-0.030138
-1.005524,-1.002189,-1.070976,0.099477,0.209049,-0.024637
-1.032900,-1.018080,-1.056123,0.100110,0.210412,-0.024793
-1.018214,-1.152915,-1.058133,0.096454,0.204981,-0.026296
-1.077245,-0.954726,-1.008701,0.101275,0.208367,-0.029286
-0.904900,-1.342740,-1.058238,0.106159,0.211110,-0.031764
-1.081116,-1.386616,-1.133954,0.105436,0.206646,-0.026670
-0.961565,-1.415359,-1.331213,0.107725,0.208526,-0.023970
-1.056892,-1.405035,-1.160185,0.106501,0.205035,-0.021557
-0.815588,-1.360717,-1.016651,0.105023,0.211882,-0.027905
-0.908755,-1.261386,-1.142579,0.102756,0.212080,-0.024655
-0.797179,-1.173823,-1.120507,0.098833,0.209744,-0.025547
-1.099774,-1.175502,-1.104314,0.109247,0.210131,-0.019286
-0.969742,-1.189913,-1.114386,0.095677,0.209634,-0.023176
-1.085379,-0.832752,-1.127217,0.094554,0.202103,-0.021501
-1.275535,-0.978241,-1.156608,0.095896,0.202717,-0.022364
-1.013861,-1.361787,-1.045701,0.101625,0.205726,-0.026721
-0.949938,-1.303937,-1.094319,0.109742,0.210332,-0.030414
-0.840712,-1.382738,-0.989247,0.102783,0.211854,-0.028708
-1.060725,-1.552606,-1.140527,0.110272,0.209362,-0.026764
-1.281235,-1.092755,-1.295905,0.101403,0.199431,-0.025058
-1.047086,-1.388740,-1.011993,0.104906,0.205371,-0.026374
-0.924340,-1.328527,-1.091130,0.109380,0.214592,-0.024618
-0.675137,-1.252836,-0.858085,0.099783,0.212308,-0.024400
-1.316689,-1.051324,-1.270976,0.097738,0.204534,-0.021081
-1.157855,-1.488479,-1.319652,0.108679,0.203486,-0.021940
-0.814614,-1.558180,-1.058401,0.109042,0.209182,-0.029450
-1.067954,-1.285349,-1.162368,0.106546,0.210933,-0.027474
-1.081181,-1.056909,-1.213438,0.094054,0.204231,-0.027834
-1.031217,-1.178928,-1.215062,0.100848,0.208390,-0.025654
-0.968691,-1.599997,-1.083193,0.112922,0.209472,-0.027515
-1.027700,-1.183952,-1.275213,0.098251,0.208650,-0.022966
-0.988438,-1.612100,-1.237379,0.110159,0.206801,-0.026381
-1.155993,-1.419208,-1.147216,0.108173,0.207082,-0.021967
-0.901642,-1.535760,-1.075901,0.106023,0.208923,-0.023457
-0.902815,-1.594359,-1.069242,0.116324,0.214397,-0.023430
-1.316015,-1.330339,-1.206950,0.103408,0.196858,-0.024111
-1.015542,-1.529138,-1.078284,0.109132,0.213016,-0.025729
-1.244092,-0.891322,-0.997172,0.094245,0.204229,-0.020894
-0.901499,-1.355587,-1.050229,0.100835,0.204980,-0.026317
-0.932981,-1.226216,-0.979074,0.107054,0.211755,-0.026211
-0.935674,-1.126215,-1.020829,0.097576,0.209291,-0.021809
-1.030892,-1.461920,-1.044713,0.110900,0.207512,-0.025876
-1.105764,-0.901477,-1.092672,0.094938,0.206482,-0.027206
-0.874765,-1.663753,-0.960205,0.109362,0.212356,-0.028412
-0.976319,-1.283030,-1.095216,0.106125,0.215047,-0.024290
-0.718420,-1.288052,-1.079655,0.103058,0.207792,-0.027862
-1.125455,-1.521962,-1.149102,0.112253,0.209639,-0.024916
-0.985628,-1.099200,-1.145230,0.101219,0.207487,-0.025158
-0.892490,-0.785601,-0.912024,0.085568,0.206477,-0.028934
-1.046123,-1.140390,-1.240902,0.105083,0.211501,-0.021688
-1.181994,-1.064454,-1.086015,0.095778,0.202374,-0.024494
-0.976538,-1.155151,-1.004955,0.100705,0.208859,-0.025896
-0.977415,-1.107265,-1.031453,0.102946,0.214953,-0.025523
-0.943324,-1.395237,-1.034292,0.102329,0.203886,-0.021539
-0.919722,-1.439014,-1.048499,0.108224,0.208114,-0.027959
-0.869998,-1.456705,-0.982384,0.107418,0.210192,-0.026236
-0.975904,-1.478478,-0.960687,0.105093,0.204938,-0.024653
-1.082241,-1.152580,-0.966980,0.103509,0.212382,-0.025656
-0.942218,-1.083845,-0.937308,0.093122,0.209233,-0.022134
-1.176765,-1.016588,-0.899011,0.099183,0.203744,-0.024613
-1.119350,-1.342649,-1.065602,0.105649,0.208343,-0.024225
-0.978193,-0.768529,-0.817601,0.087872,0.206517,-0.028023
-1.232381,-0.995921,-1.075206,0.100405,0.206958,-0.023392
-1.027830,-0.867688,-0.905006,0.092794,0.206770,-0.023769
-1.039930,-1.056189,-1.007087,0.100427,0.207633,-0.024242
-1.054235,-0.924822,-1.104631,0.093586,0.207140,-0.018125
-0.980968,-0.966495,-0.886628,0.090825,0.207062,-0.022995
-1.159085,-1.073756,-0.989884,0.100835,0.206964,-0.025050
-0.915429,-1.270203,-0.946727,0.097529,0.207582,-0.024696
-1.072657,-1.241299,-1.067222,0.106316,0.208123,-0.024743
-1.218116,-0.795917,-0.971794,0.092132,0.204453,-0.022202
-1.075820,-0.886736,-1.070426,0.090343,0.204939,-0.026145
-0.980424,-0.962574,-0.912818,0.101025,0.209263,-0.028359
-1.173477,-0.888846,-1.035023,0.092324,0.202920,-0.024323
-1.231408,-0.917782,-1.025290,0.094303,0.199371,-0.024803
-1.106072,-0.859720,-0.874067,0.093859,0.207870,-0.023084
-0.898633,-1.039177,-0.891384,0.096567,0.206925,-0.027795
-1.152920,-0.846336,-0.962778,0.094935,0.208843,-0.028854
-1.183105,-1.061927,-0.830402,0.095719,0.205332,-0.023057
-0.829903,-1.228317,-0.946233,0.103341,0.208385,-0.025768
-1.271910,-0.564140,-0.901504,0.089414,0.203804,-0.024311
-0.909003,-1.111528,-0.876482,0.097458,0.204622,-0.029529
-0.939051,-1.231122,-0.867853,0.106720,0.212015,-0.027534
-1.043518,-0.593782,-0.919585,0.089329,0.208563,-0.031103
-1.032232,-1.100828,-0.910517,0.099435,0.208325,-0.027785
-1.124709,-0.748158,-0.952669,0.097061,0.209584,-0.024264
-0.904145,-1.396341,-0.950817,0.101365,0.210954,-0.028359
-0.991775,-0.784926,-0.915350,0.093745,0.211243,-0.023794
-1.178575,-0.812206,-0.949156,0.090647,0.203529,-0.023076
-1.070814,-1.288739,-0.966561,0.100833,0.206993,-0.023531
-1.242672,-0.936306,-1.038752,0.099895,0.205752,-0.020584
-1.021819,-1.028309,-0.918543,0.095028,0.206475,-0.028540
-1.220945,-1.320537,-1.162212,0.101947,0.198776,-0.027986
-1.098708,-1.263076,-1.063479,0.109206,0.208390,-0.023605
-1.246603,-1.037792,-0.939716,0.094294,0.201842,-0.027028
-1.169001,-1.014781,-1.006916,0.100685,0.206843,-0.023216
-1.102829,-0.864333,-0.865736,0.093818,0.206774,-0.029545
-0.940777,-1.053989,-0.918538,0.094373,0.205610,-0.025620
-1.147602,-0.944719,-1.005249,0.100458,0.207308,-0.024376
-1.051867,-1.124814,-0.875345,0.097623,0.203538,-0.028124
-1.201929,-0.615292,-1.019760,0.088530,0.203957,-0.027561
-0.905494,-1.152386,-0.935549,0.100323,0.209307,-0.026377
-1.037072,-1.255490,-0.890028,0.099364,0.204048,-0.024349
-1.359036,-0.825442,-1.132594,0.094785,0.202514,-0.023514
-1.211376,-1.332147,-1.058141,0.101640,0.202677,-0.025681
-1.100571,-1.247821,-1.113836,0.106000,0.205159,-0.023093
-1.099889,-1.104618,-0.898857,0.097780,0.206846,-0.028314
-1.404316,-0.826768,-1.094755,0.088891,0.194258,-0.018293
-1.174063,-0.897958,-0.922838,0.098560,0.209380,-0.023832
-1.108586,-1.080892,-1.016616,0.096555,0.204168,-0.030051
-1.321234,-1.088358,-1.125513,0.100127,0.200237,-0.025028
-0.978412,-1.167913,-0.874182,0.096343,0.213822,-0.027832
-1.331667,-1.210754,-1.096654,0.093220,0.208991,-0.029384
-1.108896,-1.034016,-1.010181,0.099750,0.208010,-0.021203
-1.225240,-1.136919,-0.880513,0.100774,0.204938,-0.026795
-1.086841,-0.962475,-0.929877,0.093063,0.200690,-0.020752
-1.005120,-0.862780,-0.901785,0.100261,0.208815,-0.021861
-1.110231,-1.450036,-1.052462,0.100036,0.205453,-0.022831
-1.405564,-0.938615,-1.096055,0.099336,0.206375,-0.022467
-0.861451,-1.473044,-1.104086,0.107995,0.208361,-0.024813
-1.261376,-1.098463,-1.102212,0.098589,0.198933,-0.025667
-1.285845,-1.013213,-1.060326,0.100917,0.200957,-0.022086
-0.901322,-1.106341,-1.030647,0.098113,0.202883,-0.027842
-1.185126,-0.847440,-1.030383,0.097283,0.206683,-0.023213
-1.106155,-1.142684,-0.917325,0.097891,0.207053,-0.025076
-1.024681,-0.593835,-1.053809,0.088694,0.206145,-0.024695
-1.089753,-1.189901,-1.078658,0.105044,0.213875,-0.021923
-0.933509,-1.173092,-1.144555,0.095871,0.204207,-0.024251
-1.185151,-1.137202,-1.267957,0.105465,0.199859,-0.025641
-1.315227,-1.067983,-1.237912,0.101180,0.200154,-0.023620
-1.280323,-1.587213,-0.968986,0.106342,0.204277,-0.024981
-0.896666,-1.106127,-1.244312,0.106307,0.208271,-0.024234
-0.978835,-1.477807,-1.273691,0.102921,0.204081,-0.030134
-1.246613,-0.875821,-1.220301,0.095591,0.203953,-0.021419
-1.100040,-1.139188,-0.994418,0.101864,0.203140,-0.026307
-1.003401,-1.176646,-1.051678,0.101308,0.203238,-0.023517
-1.032040,-1.268989,-1.082545,0.105712,0.210175,-0.024929
-1.095087,-0.799990,-1.033935,0.091154,0.203311,-0.026088
-1.319483,-0.957429,-1.109736,0.096378,0.196146,-0.023468
-1.195015,-0.775157,-1.189281,0.092996,0.203742,-0.021689
-1.198845,-1.017295,-1.142724,0.095394,0.198198,-0.023162
-0.915582,-1.292412,-1.173774,0.104777,0.211582,-0.021659
-1.279537,-1.094064,-1.231558,0.097593,0.199821,-0.026526
-1.185267,-1.334334,-1.160810,0.105036,0.204620,-0.022665
-1.181897,-1.106936,-1.070375,0.103577,0.205974,-0.024328
-1.024800,-1.164131,-1.152321,0.097732,0.200559,-0.026575
-1.327772,-1.223229,-1.115597,0.106223,0.203478,-0.027460
-1.229706,-0.876842,-1.063299,0.093161,0.202086,-0.027708
-1.038859,-1.224126,-0.985578,0.103749,0.205735,-0.030005
-1.415460,-0.976799,-0.930187,0.102074,0.204525,-0.024351
-1.034066,-1.556696,-1.029910,0.110319,0.201808,-0.027837
-0.874788,-1.194515,-0.998190,0.103411,0.207903,-0.022974
-1.134333,-1.167978,-0.960152,0.100849,0.207342,-0.028476
-1.179035,-1.044441,-1.161772,0.097871,0.198651,-0.028394
-0.990283,-0.954473,-0.935679,0.098408,0.213073,-0.028380
-1.035415,-0.803831,-0.987923,0.087907,0.201866,-0.026314
-1.033080,-1.165447,-1.050635,0.101381,0.203513,-0.023692
-0.958466,-1.144180,-1.070928,0.103214,0.210154,-0.023363
-1.036685,-1.289105,-0.888807,0.100287,0.200449,-0.029799
-1.348045,-0.728915,-1.121923,0.092574,0.202233,-0.024477
-1.279769,-1.290563,-1.043884,0.104025,0.202055,-0.027471
-1.154130,-0.707803,-0.934178,0.088487,0.202209,-0.021062
-1.101240,-0.992752,-1.031452,0.102137,0.206204,-0.025090
-1.140453,-1.248001,-1.002762,0.096055,0.197257,-0.023120
-1.240025,-1.113085,-1.045403,0.106111,0.203586,-0.029319
-1.203246,-0.735865,-1.062522,0.090597,0.202486,-0.027568
-1.343212,-1.110756,-0.971650,0.097671,0.200552,-0.021430
-0.922725,-1.019183,-0.808169,0.102076,0.214175,-0.026042
-0.778448,-1.444839,-0.834160,0.103642,0.210232,-0.029132
-0.979198,-1.380583,-1.129181,0.106176,0.209883,-0.023485
-1.108148,-1.138168,-0.930990,0.098103,0.205905,-0.025245
-1.181448,-1.154660,-0.915412,0.100031,0.200737,-0.023542
-1.227177,-0.665268,-1.023411,0.091635,0.206580,-0.020089
-0.877839,-1.127247,-0.928550,0.097803,0.206524,-0.026835
-1.067697,-0.874077,-1.085484,0.095810,0.205872,-0.026649
-1.114133,-1.030871,-1.059795,0.097050,0.205216,-0.026606
-1.094622,-1.275909,-0.854514,0.105049,0.200393,-0.022606
-1.006956,-0.912762,-0.896917,0.100554,0.209721,-0.027211
-1.270829,-0.674030,-1.127743,0.088934,0.200779,-0.023985
-1.146090,-0.928199,-1.069019,0.099761,0.205764,-0.022469
-1.242973,-0.865357,-1.038864,0.094948,0.206489,-0.024822
-0.993590,-0.799435,-0.994331,0.085576,0.201162,-0.024969
-1.147339,-0.496738,-0.963769,0.088357,0.204257,-0.024552
-1.040443,-1.038490,-1.032803,0.096671,0.205664,-0.022128
-1.346234,-1.071360,-0.888659,0.097993,0.195617,-0.021039
-1.285986,-0.933632,-1.067851,0.098861,0.204793,-0.025887
-1.199095,-1.246941,-1.037767,0.097044,0.201291,-0.022122
-0.987211,-0.798903,-1.006729,0.095561,0.206946,-0.027128
-0.931099,-1.155923,-0.902166,0.102143,0.207747,-0.025398
-1.229946,-0.817709,-0.963210,0.090384,0.200726,-0.023351
-1.230861,-0.437219,-1.010605,0.088774,0.204852,-0.024593
-0.735125,-1.457797,-0.916604,0.108770,0.212112,-0.026155
-1.046397,-1.209133,-0.937236,0.106446,0.207810,-0.023452
-0.858832,-0.947235,-0.930937,0.094106,0.209055,-0.023091
-1.109565,-1.151277,-1.034390,0.098940,0.204800,-0.025482
-1.235208,-0.754526,-1.199898,0.092956,0.203254,-0.021955
-0.729102,-1.445927,-1.031415,0.103800,0.208781,-0.027599
-1.110360,-1.138437,-0.966776,0.100792,0.206937,-0.023463
-0.813094,-1.437653,-0.933612,0.103524,0.208499,-0.027529
-0.861153,-1.240924,-1.100771,0.098504,0.205956,-0.025364
-0.982025,-1.172100,-1.110886,0.106796,0.207813,-0.029042
-1.030708,-0.963940,-1.064698,0.094759,0.200802,-0.028671
-1.116557,-0.995389,-1.077226,0.097555,0.204554,-0.026594
-1.372295,-0.814491,-1.143935,0.098269,0.199962,-0.026376
-0.987666,-1.047869,-0.993243,0.094235,0.203032,-0.023469
-1.026859,-0.945978,-1.009044,0.099497,0.211794,-0.026753
-1.270127,-0.879186,-1.126331,0.095887,0.195209,-0.026691
-1.037395,-1.026585,-1.024098,0.096760,0.207970,-0.023860
-1.279607,-0.727436,-1.170351,0.093588,0.202631,-0.024379
-0.807415,-0.980201,-0.882248,0.092243,0.206916,-0.027765
-1.245248,-1.151496,-1.106880,0.105054,0.206431,-0.024391
-1.044792,-0.873692,-1.073886,0.091827,0.202029,-0.023947
-1.118028,-1.136663,-1.221811,0.097935,0.203077,-0.023290
-1.230946,-1.398941,-1.174446,0.111529,0.207049,-0.023383
-1.006634,-0.997252,-1.132405,0.093413,0.203165,-0.024278
-1.271536,-0.846714,-1.062216,0.099073,0.203619,-0.025124
-1.095669,-1.047829,-1.167632,0.095036,0.204926,-0.025775
-0.790248,-1.358779,-1.112373,0.104800,0.207138,-0.029118
-1.024272,-1.311555,-1.048780,0.107148,0.209186,-0.024502
-0.931594,-1.258757,-1.109696,0.102607,0.204758,-0.027353
-0.945904,-1.165571,-1.187974,0.104581,0.212893,-0.029630
-1.157097,-1.147833,-1.117433,0.103873,0.208112,-0.024377
-0.786998,-1.438748,-1.054722,0.105871,0.209662,-0.024624
-0.909582,-1.320664,-0.978619,0.110552,0.213989,-0.028418
-0.938285,-1.329843,-1.066649,0.105559,0.207318,-0.030364
-1.070130,-1.272646,-1.114801,0.102929,0.203936,-0.027116
-1.093776,-1.096991,-1.166251,0.101459,0.208122,-0.021430
-0.936251,-1.181237,-1.066390,0.098664,0.202197,-0.026797
-1.055388,-1.416789,-1.022914,0.110525,0.207532,-0.026477
-0.945360,-1.258740,-1.038038,0.101221,0.206915,-0.026506
-1.094620,-1.039165,-0.989767,0.100502,0.202594,-0.024717
-0.836466,-1.351078,-1.021533,0.108281,0.213561,-0.024914
-0.842195,-1.574132,-1.167600,0.105326,0.207084,-0.023526
-1.028697,-1.092937,-1.018263,0.106317,0.209489,-0.024588
-0.903559,-0.868787,-1.084687,0.090854,0.205835,-0.031275
-1.204560,-0.900250,-1.134128,0.090965,0.203781,-0.024722
-1.147888,-1.179846,-1.076789,0.105061,0.202876,-0.027482
-0.884923,-1.133509,-1.015361,0.095247,0.206860,-0.021246
-1.217210,-1.165396,-1.074489,0.102492,0.205822,-0.029193
-0.884078,-1.457949,-1.088474,0.107560,0.209779,-0.027348
-0.892534,-0.930865,-1.057104,0.093904,0.207628,-0.030104
-0.998901,-1.234118,-1.002194,0.102720,0.210690,-0.026243
-0.968687,-1.070420,-1.111595,0.096226,0.205345,-0.025472
-1.148297,-0.714600,-1.048519,0.089696,0.198806,-0.026373
-1.151402,-0.896401,-1.013926,0.093481,0.207668,-0.022626
-0.971136,-0.944661,-1.104788,0.092867,0.201482,-0.024065
-1.133046,-0.839823,-1.043314,0.097137,0.207240,-0.022315
-1.031961,-0.867725,-0.892319,0.093955,0.205998,-0.028884
-1.180493,-1.058403,-1.025113,0.097934,0.203035,-0.028549
-1.118613,-0.942695,-1.051666,0.096977,0.204969,-0.020847
-1.074665,-1.550041,-1.049782,0.108108,0.200477,-0.030507
-1.192757,-0.811971,-1.052017,0.098323,0.206001,-0.024232
-0.962050,-1.055435,-1.106838,0.092450,0.205587,-0.023157
-1.080374,-1.339832,-1.178084,0.104978,0.205581,-0.026605
-1.003530,-0.786430,-0.983614,0.093695,0.209274,-0.026169
-0.996215,-1.154421,-1.102935,0.093661,0.206585,-0.019551
-1.405644,-1.038651,-1.215288,0.099106,0.198949,-0.021454
-1.003479,-1.062954,-0.908794,0.093677,0.204540,-0.023897
-1.227294,-0.614811,-1.141688,0.088385,0.203039,-0.022304
-1.025807,-0.871396,-1.000131,0.096211,0.207791,-0.026390
-0.965116,-0.959868,-1.043427,0.092373,0.204371,-0.024320
-1.138760,-0.844801,-1.155912,0.096293,0.207371,-0.018495
-1.190053,-1.028834,-0.982708,0.095756,0.203230,-0.027986
-0.996314,-0.809850,-0.989605,0.090976,0.202495,-0.024237
-1.206425,-0.910221,-1.166390,0.097734,0.207127,-0.022185
-1.188661,-1.349408,-1.037629,0.103282,0.199918,-0.023039
-1.025737,-0.826629,-0.963885,0.092794,0.204203,-0.023723
-1.111738,-0.789070,-1.146391,0.091168,0.203630,-0.028726
-1.032841,-0.857923,-1.035751,0.090505,0.202153,-0.025381
-1.440465,-0.801575,-1.220952,0.095167,0.198894,-0.022397
-1.238664,-0.854263,-1.006979,0.089087,0.200494,-0.024798
-1.037468,-0.737023,-0.830605,0.090934,0.207829,-0.023733
-1.341947,-1.083793,-1.268426,0.097836,0.198834,-0.022906
-1.446116,-0.502189,-1.055794,0.081511,0.194613,-0.023686
-1.323260,-0.871594,-1.020082,0.099334,0.203023,-0.023157
-1.205581,-1.097811,-1.038391,0.094867,0.202088,-0.019447
-1.089876,-1.260945,-1.166719,0.105969,0.201980,-0.024758
-1.076271,-0.966465,-1.048242,0.098526,0.204731,-0.021869
-1.022213,-1.125669,-1.119885,0.096783,0.205617,-0.024746
-1.152087,-1.036063,-1.149720,0.103447,0.204311,-0.024842
-1.201676,-0.688761,-1.172525,0.087681,0.199102,-0.025458
-1.037663,-0.914633,-1.006982,0.095576,0.205288,-0.025596
-1.253503,-1.293050,-1.163924,0.104649,0.200701,-0.021038
-1.342071,-1.047423,-1.158381,0.093268,0.195051,-0.022051
-1.016841,-1.136306,-0.990865,0.102600,0.210536,-0.027413
-0.872612,-1.608173,-1.004806,0.111561,0.213717,-0.023902
-1.170196,-0.844642,-1.006054,0.089056,0.202002,-0.026904
-1.065115,-1.003690,-1.042103,0.103835,0.205959,-0.023330
-1.199598,-1.093621,-1.090065,0.098735,0.202066,-0.025015
-1.004847,-1.121310,-1.060588,0.095525,0.206871,-0.022729
-1.109247,-1.143325,-1.148014,0.102592,0.204487,-0.025291
-0.933269,-1.174191,-1.109588,0.097115,0.204421,-0.023161
-0.982912,-0.753275,-0.968574,0.094917,0.211382,-0.021663
-0.838204,-1.193308,-1.072214,0.098091,0.207190,-0.026256
-1.139565,-1.063229,-1.194639,0.099314,0.203942,-0.021624
-1.164474,-1.056632,-1.197727,0.097970,0.202252,-0.024464
-1.142039,-1.087748,-1.168052,0.093865,0.199451,-0.025340
-1.218202,-1.137411,-1.109295,0.103234,0.204840,-0.018959
-1.195204,-1.073281,-1.129272,0.095218,0.199577,-0.025033
-1.076253,-0.668616,-1.063648,0.090298,0.206195,-0.022325
-1.194050,-1.078100,-1.081646,0.098576,0.202588,-0.022164
-0.868852,-1.392347,-1.114139,0.102443,0.204417,-0.025623
-1.244932,-1.122521,-1.214115,0.103782,0.206395,-0.019224
-0.961285,-1.305027,-1.057158,0.100411,0.205659,-0.023748
-1.051411,-1.571473,-1.240469,0.109318,0.205607,-0.024343
-1.111519,-1.015010,-1.148036,0.098468,0.205093,-0.021229
-1.184067,-1.112029,-1.170630,0.093603,0.199642,-0.020414
-0.982233,-0.948694,-1.172819,0.096010,0.204710,-0.027783
-1.415274,-1.262844,-1.251877,0.104347,0.198126,-0.023130
-0.947502,-1.048361,-0.974434,0.096280,0.204693,-0.027146
-1.061881,-1.410399,-1.050391,0.112058,0.208279,-0.025474
-1.258083,-1.149114,-1.011516,0.095848,0.200345,-0.024816
-1.244219,-0.797266,-1.066346,0.093068,0.199464,-0.022168
-1.033270,-1.240141,-1.267850,0.102867,0.207557,-0.023996
-0.987382,-1.416347,-1.178836,0.102257,0.200293,-0.024944
-1.182455,-1.251129,-1.125235,0.106330,0.206680,-0.021636
-0.910492,-1.437504,-1.097136,0.104182,0.205760,-0.027464
-1.127601,-1.223427,-1.219355,0.099734,0.202759,-0.022892
-1.188078,-1.029379,-1.116115,0.097489,0.201613,-0.023917
-1.153868,-0.776134,-0.959954,0.087897,0.200061,-0.025900
-0.943132,-0.897879,-1.020038,0.098246,0.209654,-0.026276
-0.955831,-1.363138,-1.034761,0.102127,0.203542,-0.025918
-1.061095,-1.188679,-1.032184,0.103250,0.207746,-0.026917
-1.222099,-0.981433,-1.083611,0.097271,0.206050,-0.024500
-0.919937,-1.307964,-0.985353,0.098442,0.204445,-0.026293
-1.340100,-0.921077,-1.124232,0.099388,0.202037,-0.025669
-1.027248,-0.900338,-1.118889,0.089193,0.202286,-0.025179
-1.231256,-1.105522,-1.054409,0.100947,0.202779,-0.021199
-1.238928,-0.934143,-0.983899,0.097200,0.205605,-0.026446
-1.241606,-1.056246,-0.946913,0.097326,0.197585,-0.022966
-1.041046,-0.897529,-0.966427,0.095269,0.204857,-0.026995
-1.075415,-1.413192,-1.093031,0.107724,0.207582,-0.018782
-1.088168,-1.184024,-1.002828,0.095448,0.202641,-0.021878
-1.425679,-0.872991,-1.197265,0.096357,0.199885,-0.020588
-1.205064,-0.664676,-1.137217,0.084040,0.193705,-0.022233
-1.164817,-0.781594,-1.078126,0.087792,0.204433,-0.022157
-1.095219,-1.003920,-1.073346,0.100430,0.205815,-0.025557
-1.119276,-1.176682,-0.964346,0.094653,0.200254,-0.027780
-1.214228,-0.710095,-1.079609,0.091424,0.203861,-0.024116
-0.965631,-0.940250,-0.973470,0.094952,0.205565,-0.028764
-1.025043,-0.798746,-0.880138,0.094681,0.207378,-0.023095
-1.206734,-0.818021,-1.160404,0.095886,0.203716,-0.023599
-0.965075,-1.333919,-0.971970,0.101373,0.205729,-0.021685
-1.099943,-0.829083,-0.995231,0.094952,0.207047,-0.025433
-0.949247,-1.018836,-0.998632,0.091592,0.205569,-0.024132
-1.064763,-0.868206,-1.043187,0.095012,0.203355,-0.025559
-1.131303,-1.046515,-1.036428,0.101669,0.207394,-0.023579
-1.061922,-0.988681,-0.970548,0.093141,0.204632,-0.020113
-1.045204,-1.169997,-1.011066,0.107551,0.207420,-0.026627
-1.218919,-1.253761,-1.220315,0.103104,0.201739,-0.023176
-1.127154,-1.189592,-1.011556,0.097002,0.198600,-0.024992
-1.276684,-1.270199,-1.256410,0.105606,0.201675,-0.020978
-1.060538,-1.394103,-1.178674,0.103580,0.204416,-0.026818
-1.157604,-0.683495,-1.027289,0.091120,0.201818,-0.026838
-1.235484,-1.519903,-1.161109,0.110719,0.199387,-0.019653
-1.261143,-1.299837,-1.029858,0.100762,0.197528,-0.023590
-1.166266,-0.707295,-1.122140,0.091275,0.206714,-0.026575
-1.238977,-0.770925,-1.108513,0.088182,0.198381,-0.025117
-1.249002,-1.177011,-1.116430,0.104076,0.201549,-0.020931
-1.103838,-0.868649,-0.933716,0.096405,0.206072,-0.027932
-1.053575,-0.843188,-1.021603,0.090900,0.201665,-0.023534
-1.134614,-0.945731,-1.062074,0.096750,0.206131,-0.018625
-1.020847,-0.968260,-0.984710,0.091444,0.202226,-0.021044
-1.246119,-0.919542,-1.060141,0.098173,0.202545,-0.024873
-1.203829,-1.034125,-1.029243,0.099409,0.202829,-0.022703
-1.314929,-0.795011,-1.099752,0.086488,0.195760,-0.026460
-0.984478,-0.894449,-1.061145,0.096625,0.211890,-0.025447
-1.027315,-0.807840,-1.016071,0.088361,0.203578,-0.025359
-1.139960,-0.902985,-1.000475,0.093209,0.204477,-0.021369
-1.179464,-1.021503,-1.044658,0.099692,0.208195,-0.022552
-1.025188,-0.965308,-0.920305,0.094041,0.203280,-0.024813
-1.134784,-1.112511,-0.981915,0.100309,0.203277,-0.022812
-1.224171,-0.892894,-1.245189,0.096922,0.203652,-0.027733
-1.065293,-1.406528,-1.048334,0.104180,0.199285,-0.025867
-1.007907,-0.957205,-1.012912,0.098916,0.211753,-0.028152
-0.974162,-1.043589,-1.088921,0.096892,0.204614,-0.023536
-1.293347,-0.940369,-1.168482,0.096314,0.200384,-0.022928
-1.104957,-1.224037,-1.022755,0.106702,0.205922,-0.026067
-1.039111,-1.496706,-1.029497,0.105670,0.204678,-0.025071
-1.134580,-0.798172,-1.050821,0.097643,0.207735,-0.029608
-1.289731,-1.082566,-1.214710,0.095594,0.193873,-0.023803
-0.973118,-1.120285,-1.050403,0.099941,0.207948,-0.025373
-1.020830,-1.113613,-1.009562,0.101530,0.209926,-0.024531
-0.806960,-1.354400,-1.017664,0.102561,0.207285,-0.021475
-1.061416,-1.006887,-0.965097,0.102132,0.205546,-0.026228
-0.961872,-1.244893,-1.148642,0.097212,0.201941,-0.024644
